{"accounts": [{"address": "hx522759c9e5718c48527f0242887b7f9f852da29d", "balance": "0x2961fff8ca4a62327800000", "name": "god"}, {"address": "hx1000000000000000000000000000000000000000", "balance": "0x0", "name": "treasury"}, {"address": "cx0000000000000000000000000000000000000001", "name": "governance", "score": {"contentId": "hash:28a1dea5effc0cc43e695ab6bc96fe7671eab001f37bb29d1aaa13847a2249a0", "contentType": "application/java", "owner": "hx522759c9e5718c48527f0242887b7f9f852da29d"}}], "chain": {"revision": "0x17", "blockInterval": "0x3e8", "roundLimitFactor": "0x10", "fee": {"stepPrice": "0x2e90edd00", "stepLimit": {"invoke": "0x9502f900", "query": "0x2faf080"}, "stepCosts": {"apiCall": "0x2710", "contractCall": "0x61a8", "contractCreate": "0x3b9aca00", "contractSet": "0x3a98", "contractUpdate": "0x3b9aca00", "default": "0x186a0", "delete": "-0xf0", "deleteBase": "0xc8", "get": "0x19", "getBase": "0xbb8", "input": "0xc8", "log": "0x64", "logBase": "0x1388", "schema": "0x1", "set": "0x140", "setBase": "0x2710"}}, "validatorList": ["hx522759c9e5718c48527f0242887b7f9f852da29d"]}, "message": "genesis for local node", "nid": "0x99"}